--
-- PostgreSQL database dump
--

-- Dumped from database version 16.9 (Ubuntu 16.9-0ubuntu0.24.04.1)
-- Dumped by pg_dump version 16.9 (Ubuntu 16.9-0ubuntu0.24.04.1)

SET statement_timeout = 0;
SET lock_timeout = 0;
SET idle_in_transaction_session_timeout = 0;
SET client_encoding = 'UTF8';
SET standard_conforming_strings = on;
SELECT pg_catalog.set_config('search_path', '', false);
SET check_function_bodies = false;
SET xmloption = content;
SET client_min_messages = warning;
SET row_security = off;

SET default_tablespace = '';

SET default_table_access_method = heap;

--
-- Name: art_intercambio; Type: TABLE; Schema: public; Owner: postgres
--

CREATE TABLE public.art_intercambio (
    id bigint NOT NULL,
    version bigint NOT NULL,
    precio numeric(19,2) NOT NULL,
    receptor_id bigint NOT NULL,
    articulo_id bigint NOT NULL
);


ALTER TABLE public.art_intercambio OWNER TO postgres;

--
-- Name: articulo; Type: TABLE; Schema: public; Owner: postgres
--

CREATE TABLE public.articulo (
    id bigint NOT NULL,
    imagen character varying(255),
    usuario_id bigint NOT NULL,
    precio numeric(19,2) NOT NULL,
    categoria_id bigint NOT NULL,
    estado character varying(3) NOT NULL,
    nombre character varying(100) NOT NULL
);


ALTER TABLE public.articulo OWNER TO postgres;

--
-- Name: categoria; Type: TABLE; Schema: public; Owner: postgres
--

CREATE TABLE public.categoria (
    cat_id bigint NOT NULL,
    cat_nombre character varying(255) NOT NULL
);


ALTER TABLE public.categoria OWNER TO postgres;

--
-- Name: categoria_cat_id_seq; Type: SEQUENCE; Schema: public; Owner: postgres
--

CREATE SEQUENCE public.categoria_cat_id_seq
    START WITH 1
    INCREMENT BY 1
    NO MINVALUE
    NO MAXVALUE
    CACHE 1;


ALTER SEQUENCE public.categoria_cat_id_seq OWNER TO postgres;

--
-- Name: categoria_cat_id_seq; Type: SEQUENCE OWNED BY; Schema: public; Owner: postgres
--

ALTER SEQUENCE public.categoria_cat_id_seq OWNED BY public.categoria.cat_id;


--
-- Name: hibernate_sequence; Type: SEQUENCE; Schema: public; Owner: postgres
--

CREATE SEQUENCE public.hibernate_sequence
    START WITH 1
    INCREMENT BY 1
    NO MINVALUE
    NO MAXVALUE
    CACHE 1;


ALTER SEQUENCE public.hibernate_sequence OWNER TO postgres;

--
-- Name: mensaje; Type: TABLE; Schema: public; Owner: postgres
--

CREATE TABLE public.mensaje (
    id bigint NOT NULL,
    version bigint NOT NULL,
    fecha timestamp without time zone NOT NULL,
    receptor_id bigint NOT NULL,
    emisor_id bigint NOT NULL,
    contenido character varying(255) NOT NULL
);


ALTER TABLE public.mensaje OWNER TO postgres;

--
-- Name: prfl; Type: TABLE; Schema: public; Owner: postgres
--

CREATE TABLE public.prfl (
    prfl__id bigint NOT NULL,
    prflpdre bigint,
    prflcdgo character varying(255) NOT NULL,
    prfldscr character varying(255) NOT NULL,
    prflobsr character varying(255),
    prflnmbr character varying(255) NOT NULL
);


ALTER TABLE public.prfl OWNER TO postgres;

--
-- Name: prfl_prfl__id_seq; Type: SEQUENCE; Schema: public; Owner: postgres
--

CREATE SEQUENCE public.prfl_prfl__id_seq
    START WITH 1
    INCREMENT BY 1
    NO MINVALUE
    NO MAXVALUE
    CACHE 1;


ALTER SEQUENCE public.prfl_prfl__id_seq OWNER TO postgres;

--
-- Name: prfl_prfl__id_seq; Type: SEQUENCE OWNED BY; Schema: public; Owner: postgres
--

ALTER SEQUENCE public.prfl_prfl__id_seq OWNED BY public.prfl.prfl__id;


--
-- Name: prsn; Type: TABLE; Schema: public; Owner: postgres
--

CREATE TABLE public.prsn (
    prsn__id bigint NOT NULL,
    prsnlogn character varying(255),
    prsnfcin timestamp without time zone,
    prsnactv integer NOT NULL,
    prsntelf character varying(31),
    prsnpass character varying(63),
    prsnfcfn timestamp without time zone,
    prsnapll character varying(31),
    prsnsexo character varying(255),
    prsnmail character varying(255) NOT NULL,
    prsncdla character varying(255),
    prsnnmbr character varying(31) NOT NULL,
    prsndire character varying(255)
);


ALTER TABLE public.prsn OWNER TO postgres;

--
-- Name: prsn_prsn__id_seq; Type: SEQUENCE; Schema: public; Owner: postgres
--

CREATE SEQUENCE public.prsn_prsn__id_seq
    START WITH 1
    INCREMENT BY 1
    NO MINVALUE
    NO MAXVALUE
    CACHE 1;


ALTER SEQUENCE public.prsn_prsn__id_seq OWNER TO postgres;

--
-- Name: prsn_prsn__id_seq; Type: SEQUENCE OWNED BY; Schema: public; Owner: postgres
--

ALTER SEQUENCE public.prsn_prsn__id_seq OWNED BY public.prsn.prsn__id;


--
-- Name: sesn; Type: TABLE; Schema: public; Owner: postgres
--

CREATE TABLE public.sesn (
    sesn__id bigint NOT NULL,
    sesnfcin timestamp without time zone,
    prsn__id bigint NOT NULL,
    sesnfcfn timestamp without time zone,
    prfl__id bigint NOT NULL
);


ALTER TABLE public.sesn OWNER TO postgres;

--
-- Name: sesn_sesn__id_seq; Type: SEQUENCE; Schema: public; Owner: postgres
--

CREATE SEQUENCE public.sesn_sesn__id_seq
    START WITH 1
    INCREMENT BY 1
    NO MINVALUE
    NO MAXVALUE
    CACHE 1;


ALTER SEQUENCE public.sesn_sesn__id_seq OWNER TO postgres;

--
-- Name: sesn_sesn__id_seq; Type: SEQUENCE OWNED BY; Schema: public; Owner: postgres
--

ALTER SEQUENCE public.sesn_sesn__id_seq OWNED BY public.sesn.sesn__id;


--
-- Name: usuario; Type: TABLE; Schema: public; Owner: postgres
--

CREATE TABLE public.usuario (
    id bigint NOT NULL,
    version bigint NOT NULL,
    estado character varying(3) NOT NULL,
    contrasena character varying(255) NOT NULL,
    telefono character varying(255),
    apellido character varying(255) NOT NULL,
    nombre character varying(255) NOT NULL,
    fecha_creacion timestamp without time zone NOT NULL,
    email character varying(255) NOT NULL
);


ALTER TABLE public.usuario OWNER TO postgres;

--
-- Name: categoria cat_id; Type: DEFAULT; Schema: public; Owner: postgres
--

ALTER TABLE ONLY public.categoria ALTER COLUMN cat_id SET DEFAULT nextval('public.categoria_cat_id_seq'::regclass);


--
-- Name: prfl prfl__id; Type: DEFAULT; Schema: public; Owner: postgres
--

ALTER TABLE ONLY public.prfl ALTER COLUMN prfl__id SET DEFAULT nextval('public.prfl_prfl__id_seq'::regclass);


--
-- Name: prsn prsn__id; Type: DEFAULT; Schema: public; Owner: postgres
--

ALTER TABLE ONLY public.prsn ALTER COLUMN prsn__id SET DEFAULT nextval('public.prsn_prsn__id_seq'::regclass);


--
-- Name: sesn sesn__id; Type: DEFAULT; Schema: public; Owner: postgres
--

ALTER TABLE ONLY public.sesn ALTER COLUMN sesn__id SET DEFAULT nextval('public.sesn_sesn__id_seq'::regclass);


--
-- Data for Name: art_intercambio; Type: TABLE DATA; Schema: public; Owner: postgres
--

COPY public.art_intercambio (id, version, precio, receptor_id, articulo_id) FROM stdin;
\.


--
-- Data for Name: articulo; Type: TABLE DATA; Schema: public; Owner: postgres
--

COPY public.articulo (id, imagen, usuario_id, precio, categoria_id, estado, nombre) FROM stdin;
1	https://res.cloudinary.com/dthw6xal7/image/upload/v1751141290/libro_calculo_sxwcs0.webp	2	5.99	5	ACT	Libro de Cálculo
2	https://res.cloudinary.com/dthw6xal7/image/upload/v1751141088/cuaderno_usado_qo6siw.webp	2	3.50	5	ACT	Cuadernos usados
3	https://res.cloudinary.com/dthw6xal7/image/upload/v1751141090/audifonos_xncexz.jpg	3	15.00	2	ACT	Audífonos usados
4	https://res.cloudinary.com/dthw6xal7/image/upload/v1751141092/taza_termica_vodpta.png	3	7.00	3	ACT	Taza térmica para café
5	https://res.cloudinary.com/dthw6xal7/image/upload/v1751141088/balon_futbol_woijkq.jpg	4	12.99	4	ACT	Balón de fútbol PUCE
6	https://res.cloudinary.com/dthw6xal7/image/upload/v1751141089/juego_UNO_fawo4b.jpg	4	8.50	6	ACT	Juego de mesa UNO
8	https://res.cloudinary.com/dthw6xal7/image/upload/v1751141088/lampara_kkjrmy.jpg	5	9.99	3	ACT	Lámpara de escritorio
9	https://res.cloudinary.com/dthw6xal7/image/upload/v1751141088/marcadores_iamwhd.jpg	6	2.00	5	ACT	Marcadores de colores
10	https://res.cloudinary.com/dthw6xal7/image/upload/v1751141088/mouse_usado_slb34x.webp	6	10.00	2	ACT	Mouse óptico USB
18	https://res.cloudinary.com/dthw6xal7/image/upload/v1751152514/aretes_nc4khk.jpg	2	2.50	1	USD	Aretes
\.


--
-- Data for Name: categoria; Type: TABLE DATA; Schema: public; Owner: postgres
--

COPY public.categoria (cat_id, cat_nombre) FROM stdin;
1	Ropa
2	Electrónicos
3	Hogar
4	Deportes
5	Libros
6	Juguetes
\.


--
-- Data for Name: mensaje; Type: TABLE DATA; Schema: public; Owner: postgres
--

COPY public.mensaje (id, version, fecha, receptor_id, emisor_id, contenido) FROM stdin;
1	0	2025-06-28 09:00:00	3	2	Hola Carlos, ¿me puedes prestar tus apuntes de cálculo?
2	0	2025-06-28 09:05:00	2	3	Hola Paula, claro. Te los paso en el almuerzo.
3	0	2025-06-28 09:10:00	3	2	Gracias, te debo una 😅
4	0	2025-06-28 09:12:00	2	3	No te preocupes, suerte con el parcial.
5	0	2025-06-28 10:00:00	4	2	Hola Danahé, ¿aún tienes disponible el libro de estadística?
6	0	2025-06-28 10:02:00	2	4	Hola, sí. ¿Lo necesitas hoy?
7	0	2025-06-28 10:05:00	4	2	Sí, si puedes traértelo al aula 201 te agradecería.
8	0	2025-06-28 10:10:00	2	4	Listo, allá estaré.
9	0	2025-06-28 11:00:00	5	2	Hola Andrea, vi tu publicación de la calculadora. ¿La vendes?
10	0	2025-06-28 11:03:00	2	5	Sí, está en buen estado. $10.
11	0	2025-06-28 11:05:00	5	2	Perfecto, te confirmo en la tarde.
12	0	2025-06-28 11:08:00	2	5	Ok, la reservo por ti.
13	0	2025-06-28 12:00:00	6	2	Hola Juan, ¿sigues con el proyecto de redes?
14	0	2025-06-28 12:03:00	2	6	Sí, estoy terminando el diagrama. ¿Tú ya lo subiste?
15	0	2025-06-28 12:07:00	6	2	No aún, estoy corrigiendo unos errores. ¿Me ayudas luego?
16	0	2025-06-28 12:10:00	2	6	Claro, te escribo cuando llegue a casa.
17	0	2025-06-28 18:05:32.601	4	2	¿Es intercambio o venta?
\.


--
-- Data for Name: prfl; Type: TABLE DATA; Schema: public; Owner: postgres
--

COPY public.prfl (prfl__id, prflpdre, prflcdgo, prfldscr, prflobsr, prflnmbr) FROM stdin;
1	\N	A	Usuario	\N	Perfil de Usuario
2	\N	V	Ventas	\N	Perfil Ventas
\.


--
-- Data for Name: prsn; Type: TABLE DATA; Schema: public; Owner: postgres
--

COPY public.prsn (prsn__id, prsnlogn, prsnfcin, prsnactv, prsntelf, prsnpass, prsnfcfn, prsnapll, prsnsexo, prsnmail, prsncdla, prsnnmbr, prsndire) FROM stdin;
1	admin	\N	1	0954812330	310dcbbf4cce62f762a2aaa148d556bd	\N	Perez	M	juanperez@puce.com.ec	1705131453	Juan	10 de agosto
\.


--
-- Data for Name: sesn; Type: TABLE DATA; Schema: public; Owner: postgres
--

COPY public.sesn (sesn__id, sesnfcin, prsn__id, sesnfcfn, prfl__id) FROM stdin;
1	2024-05-08 00:00:00	1	\N	1
2	2025-05-28 11:27:58.354653	1	\N	2
\.


--
-- Data for Name: usuario; Type: TABLE DATA; Schema: public; Owner: postgres
--

COPY public.usuario (id, version, estado, contrasena, telefono, apellido, nombre, fecha_creacion, email) FROM stdin;
2	0	ACT	123	123	Oramas	Paula	2025-05-25 21:42:12.336	paoramas@puce.edu.ec
4	0	ACT	abc123	0987654321	Andrade	Danahé	2025-06-28 10:00:00	dandradep@puce.edu.ec
5	0	ACT	abc123	0987654322	López	Andrea	2025-06-28 10:05:00	alopez@puce.edu.ec
6	0	ACT	abc123	0987654323	Espinoza	Juan	2025-06-28 10:10:00	jespinoza@puce.edu.ec
3	0	ACT	123	123	Gómez	Carlos	2025-05-25 21:42:38.892	preuba@puce.edu.ec
\.


--
-- Name: categoria_cat_id_seq; Type: SEQUENCE SET; Schema: public; Owner: postgres
--

SELECT pg_catalog.setval('public.categoria_cat_id_seq', 1, false);


--
-- Name: hibernate_sequence; Type: SEQUENCE SET; Schema: public; Owner: postgres
--

SELECT pg_catalog.setval('public.hibernate_sequence', 18, true);


--
-- Name: prfl_prfl__id_seq; Type: SEQUENCE SET; Schema: public; Owner: postgres
--

SELECT pg_catalog.setval('public.prfl_prfl__id_seq', 1, false);


--
-- Name: prsn_prsn__id_seq; Type: SEQUENCE SET; Schema: public; Owner: postgres
--

SELECT pg_catalog.setval('public.prsn_prsn__id_seq', 1, false);


--
-- Name: sesn_sesn__id_seq; Type: SEQUENCE SET; Schema: public; Owner: postgres
--

SELECT pg_catalog.setval('public.sesn_sesn__id_seq', 1, false);


--
-- Name: art_intercambio art_intercambio_pkey; Type: CONSTRAINT; Schema: public; Owner: postgres
--

ALTER TABLE ONLY public.art_intercambio
    ADD CONSTRAINT art_intercambio_pkey PRIMARY KEY (id);


--
-- Name: articulo articulo_pkey; Type: CONSTRAINT; Schema: public; Owner: postgres
--

ALTER TABLE ONLY public.articulo
    ADD CONSTRAINT articulo_pkey PRIMARY KEY (id);


--
-- Name: categoria categoria_pkey; Type: CONSTRAINT; Schema: public; Owner: postgres
--

ALTER TABLE ONLY public.categoria
    ADD CONSTRAINT categoria_pkey PRIMARY KEY (cat_id);


--
-- Name: mensaje mensaje_pkey; Type: CONSTRAINT; Schema: public; Owner: postgres
--

ALTER TABLE ONLY public.mensaje
    ADD CONSTRAINT mensaje_pkey PRIMARY KEY (id);


--
-- Name: prfl prfl_pkey; Type: CONSTRAINT; Schema: public; Owner: postgres
--

ALTER TABLE ONLY public.prfl
    ADD CONSTRAINT prfl_pkey PRIMARY KEY (prfl__id);


--
-- Name: prsn prsn_pkey; Type: CONSTRAINT; Schema: public; Owner: postgres
--

ALTER TABLE ONLY public.prsn
    ADD CONSTRAINT prsn_pkey PRIMARY KEY (prsn__id);


--
-- Name: sesn sesn_pkey; Type: CONSTRAINT; Schema: public; Owner: postgres
--

ALTER TABLE ONLY public.sesn
    ADD CONSTRAINT sesn_pkey PRIMARY KEY (sesn__id);


--
-- Name: prsn uk_jx1yj3rkdawlxgc51ikt2tlwx; Type: CONSTRAINT; Schema: public; Owner: postgres
--

ALTER TABLE ONLY public.prsn
    ADD CONSTRAINT uk_jx1yj3rkdawlxgc51ikt2tlwx UNIQUE (prsnlogn);


--
-- Name: usuario usuario_pkey; Type: CONSTRAINT; Schema: public; Owner: postgres
--

ALTER TABLE ONLY public.usuario
    ADD CONSTRAINT usuario_pkey PRIMARY KEY (id);


--
-- Name: articulo fk35xlp590328eybh2pf5ublsne; Type: FK CONSTRAINT; Schema: public; Owner: postgres
--

ALTER TABLE ONLY public.articulo
    ADD CONSTRAINT fk35xlp590328eybh2pf5ublsne FOREIGN KEY (categoria_id) REFERENCES public.categoria(cat_id);


--
-- Name: art_intercambio fk3jegmsxxfi9mqoln9ma3knf2a; Type: FK CONSTRAINT; Schema: public; Owner: postgres
--

ALTER TABLE ONLY public.art_intercambio
    ADD CONSTRAINT fk3jegmsxxfi9mqoln9ma3knf2a FOREIGN KEY (articulo_id) REFERENCES public.articulo(id);


--
-- Name: articulo fk620xsgigygn9w0unsmm78dclq; Type: FK CONSTRAINT; Schema: public; Owner: postgres
--

ALTER TABLE ONLY public.articulo
    ADD CONSTRAINT fk620xsgigygn9w0unsmm78dclq FOREIGN KEY (usuario_id) REFERENCES public.usuario(id);


--
-- Name: mensaje fk9iju1ryvmblhnq7cilb3mqvg0; Type: FK CONSTRAINT; Schema: public; Owner: postgres
--

ALTER TABLE ONLY public.mensaje
    ADD CONSTRAINT fk9iju1ryvmblhnq7cilb3mqvg0 FOREIGN KEY (emisor_id) REFERENCES public.usuario(id);


--
-- Name: prfl fka5u4qmvg8v5dxmywu1hi9hxv1; Type: FK CONSTRAINT; Schema: public; Owner: postgres
--

ALTER TABLE ONLY public.prfl
    ADD CONSTRAINT fka5u4qmvg8v5dxmywu1hi9hxv1 FOREIGN KEY (prflpdre) REFERENCES public.prfl(prfl__id);


--
-- Name: mensaje fkd81fr80tl1h4c2j1k13mgfmau; Type: FK CONSTRAINT; Schema: public; Owner: postgres
--

ALTER TABLE ONLY public.mensaje
    ADD CONSTRAINT fkd81fr80tl1h4c2j1k13mgfmau FOREIGN KEY (receptor_id) REFERENCES public.usuario(id);


--
-- Name: sesn fkk603twyrgl2rsyyy3woa88rpd; Type: FK CONSTRAINT; Schema: public; Owner: postgres
--

ALTER TABLE ONLY public.sesn
    ADD CONSTRAINT fkk603twyrgl2rsyyy3woa88rpd FOREIGN KEY (prsn__id) REFERENCES public.prsn(prsn__id);


--
-- Name: art_intercambio fkpedlkmbjckti6urw5fdnuekf; Type: FK CONSTRAINT; Schema: public; Owner: postgres
--

ALTER TABLE ONLY public.art_intercambio
    ADD CONSTRAINT fkpedlkmbjckti6urw5fdnuekf FOREIGN KEY (receptor_id) REFERENCES public.usuario(id);


--
-- Name: sesn fktmpbdqc42dilrcw2dr4k2j1o6; Type: FK CONSTRAINT; Schema: public; Owner: postgres
--

ALTER TABLE ONLY public.sesn
    ADD CONSTRAINT fktmpbdqc42dilrcw2dr4k2j1o6 FOREIGN KEY (prfl__id) REFERENCES public.prfl(prfl__id);


--
-- PostgreSQL database dump complete
--

